<?xml version="1.0" encoding="UTF-8"?>
<project-private xmlns="http://www.netbeans.org/ns/project-private/1">
    <editor-bookmarks xmlns="http://www.netbeans.org/ns/editor-bookmarks/2" lastBookmarkId="0"/>
    <open-files xmlns="http://www.netbeans.org/ns/projectui-open-files/2">
        <group>
            <file>file:/C:/Users/User/Documents/NetBeansProjects/PharmacySystem/src/Dao/Tables.java</file>
            <file>file:/C:/Users/User/Documents/NetBeansProjects/PharmacySystem/src/pharmacysystem/UserDashboard.java</file>
            <file>file:/C:/Users/User/Documents/NetBeansProjects/PharmacySystem/src/pharmacysystem/SignInPage.java</file>
            <file>file:/C:/Users/User/Documents/NetBeansProjects/PharmacySystem/src/pharmacysystem/Services.java</file>
            <file>file:/C:/Users/User/Documents/NetBeansProjects/PharmacySystem/src/pharmacysystem/LoginPage.java</file>
            <file>file:/C:/Users/User/Documents/NetBeansProjects/PharmacySystem/src/pharmacysystem/BookingPage.java</file>
            <file>file:/C:/Users/User/Documents/NetBeansProjects/PharmacySystem/src/Dao/ConnectionProvider.java</file>
            <file>file:/C:/Users/User/Documents/NetBeansProjects/PharmacySystem/src/pharmacysystem/UpdateProfilePage.java</file>
        </group>
    </open-files>
</project-private>
